{
  "base_checkpoint": "/home/ubuntu/rl-ablations/checkpoints/sft_base",
  "batch_size": 16,
  "forward_batch_size": 4,
  "total_problems": 256,
  "total_updates": 16,
  "ppo_epochs_per_update": 4,
  "steps": [
    {
      "step": 0,
      "eval/reward": 0.4375,
      "time/evaluation_s": 46.03965970799982
    },
    {
      "step": 1,
      "progress/problems_completed": 16,
      "progress/updates_completed": 1,
      "train/reward": 0.4375,
      "loss/policy": -0.0017725003281319112,
      "objective/kl_sft": 0.0006834756932221353,
      "policy/tokens_clipped_or_masked_pct": 0.1590330788804071,
      "critic/loss": 1.5259927405049176,
      "critic/explained_variance": -2.0622990131378174,
      "grad_norm/policy": 3.93359375,
      "grad_norm/critic": 86.875,
      "time/policy_forward_backward_s": 2.9396589090001726,
      "time/critic_forward_backward_s": 2.5478989679986626,
      "time/generation_s": 8.008044725000218,
      "time/generation_per_problem_s": 0.5005027953125136,
      "time/rollout_s": 8.811174524000307,
      "time/rollout_per_problem_s": 0.5506984077500192,
      "time/evaluation_s": 0.0,
      "time/step_s": 15.029790247000165,
      "time/step_per_problem_s": 0.9393618904375103,
      "time/elapsed_s": 61.072202178000225,
      "time/eta_s": 916.0830326700034,
      "gpu/peak_memory_gb": 16.109334468841553
    },
    {
      "step": 2,
      "progress/problems_completed": 32,
      "progress/updates_completed": 2,
      "train/reward": 0.4375,
      "loss/policy": 0.0004811366252229306,
      "objective/kl_sft": 0.0006345440051518381,
      "policy/tokens_clipped_or_masked_pct": 0.015403573629081948,
      "critic/loss": 1.4670507650792561,
      "critic/explained_variance": -1.8728251457214355,
      "grad_norm/policy": 4.1953125,
      "grad_norm/critic": 96.0,
      "time/policy_forward_backward_s": 2.7482577890004904,
      "time/critic_forward_backward_s": 2.5432263940001576,
      "time/generation_s": 11.579856659000143,
      "time/generation_per_problem_s": 0.7237410411875089,
      "time/rollout_s": 12.30221693600015,
      "time/rollout_per_problem_s": 0.7688885585000094,
      "time/evaluation_s": 0.0,
      "time/step_s": 18.081793452000056,
      "time/step_per_problem_s": 1.1301120907500035,
      "time/elapsed_s": 79.17031975999998,
      "time/eta_s": 554.1922383199999,
      "gpu/peak_memory_gb": 16.18804693222046
    },
    {
      "step": 3,
      "progress/problems_completed": 48,
      "progress/updates_completed": 3,
      "train/reward": 0.4375,
      "loss/policy": -0.0008757883844156781,
      "objective/kl_sft": 0.00036128718056716025,
      "policy/tokens_clipped_or_masked_pct": 0.03700962250185048,
      "critic/loss": 1.3640569917013874,
      "critic/explained_variance": -2.0283994674682617,
      "grad_norm/policy": 4.1875,
      "grad_norm/critic": 98.625,
      "time/policy_forward_backward_s": 2.6897333799997796,
      "time/critic_forward_backward_s": 2.2119561150002482,
      "time/generation_s": 6.868637863999538,
      "time/generation_per_problem_s": 0.42928986649997114,
      "time/rollout_s": 7.554514682000445,
      "time/rollout_per_problem_s": 0.4721571676250278,
      "time/evaluation_s": 0.0,
      "time/step_s": 12.908767359000194,
      "time/step_per_problem_s": 0.8067979599375121,
      "time/elapsed_s": 92.0957115580004,
      "time/eta_s": 399.0814167513351,
      "gpu/peak_memory_gb": 16.18804693222046
    },
    {
      "step": 4,
      "progress/problems_completed": 64,
      "progress/updates_completed": 4,
      "train/reward": 0.5,
      "loss/policy": 0.00021385324412378774,
      "objective/kl_sft": -0.00042035654769279063,
      "policy/tokens_clipped_or_masked_pct": 0.03518648838845883,
      "critic/loss": 1.2997947977429791,
      "critic/explained_variance": -1.6751317977905273,
      "grad_norm/policy": 4.453125,
      "grad_norm/critic": 91.375,
      "time/policy_forward_backward_s": 2.75730391199977,
      "time/critic_forward_backward_s": 2.5178024619999633,
      "time/generation_s": 8.980783535999763,
      "time/generation_per_problem_s": 0.5612989709999852,
      "time/rollout_s": 9.76591264199942,
      "time/rollout_per_problem_s": 0.6103695401249638,
      "time/evaluation_s": 0.0,
      "time/step_s": 15.484407861999898,
      "time/step_per_problem_s": 0.9677754913749936,
      "time/elapsed_s": 107.59522671800005,
      "time/eta_s": 322.78568015400015,
      "gpu/peak_memory_gb": 16.18804693222046
    },
    {
      "step": 5,
      "progress/problems_completed": 80,
      "progress/updates_completed": 5,
      "train/reward": 0.375,
      "loss/policy": -0.001065705989574169,
      "objective/kl_sft": 0.00015706371050328016,
      "policy/tokens_clipped_or_masked_pct": 0.09009009009009009,
      "critic/loss": 1.1773663769971143,
      "critic/explained_variance": -2.0601565837860107,
      "grad_norm/policy": 4.23046875,
      "grad_norm/critic": 79.5,
      "time/policy_forward_backward_s": 2.821191799999724,
      "time/critic_forward_backward_s": 2.615619400000469,
      "time/generation_s": 9.372056693000559,
      "time/generation_per_problem_s": 0.5857535433125349,
      "time/rollout_s": 10.064999659000023,
      "time/rollout_per_problem_s": 0.6290624786875014,
      "time/evaluation_s": 0.0,
      "time/step_s": 15.996601075000399,
      "time/step_per_problem_s": 0.9997875671875249,
      "time/elapsed_s": 123.60962716599988,
      "time/eta_s": 271.94117976519976,
      "gpu/peak_memory_gb": 16.18804693222046
    },
    {
      "step": 6,
      "progress/problems_completed": 96,
      "progress/updates_completed": 6,
      "train/reward": 0.375,
      "loss/policy": 9.287940196023893e-05,
      "objective/kl_sft": 0.00034207006683573127,
      "policy/tokens_clipped_or_masked_pct": 0.015271838729383019,
      "critic/loss": 1.0573207503349664,
      "critic/explained_variance": -2.364826202392578,
      "grad_norm/policy": 3.8125,
      "grad_norm/critic": 71.5625,
      "time/policy_forward_backward_s": 2.8691239280005902,
      "time/critic_forward_backward_s": 2.6713816870014853,
      "time/generation_s": 13.318030612000257,
      "time/generation_per_problem_s": 0.8323769132500161,
      "time/rollout_s": 14.082205661999978,
      "time/rollout_per_problem_s": 0.8801378538749987,
      "time/evaluation_s": 0.0,
      "time/step_s": 20.130516636999346,
      "time/step_per_problem_s": 1.2581572898124591,
      "time/elapsed_s": 143.75621606700042,
      "time/eta_s": 239.59369344500072,
      "gpu/peak_memory_gb": 16.18804693222046
    },
    {
      "step": 7,
      "progress/problems_completed": 112,
      "progress/updates_completed": 7,
      "train/reward": 0.4375,
      "loss/policy": 0.0003266947655420475,
      "objective/kl_sft": 0.0005603276658803225,
      "policy/tokens_clipped_or_masked_pct": 0.06662225183211193,
      "critic/loss": 1.0366840756471598,
      "critic/explained_variance": -2.5141255855560303,
      "grad_norm/policy": 4.7734375,
      "grad_norm/critic": 75.3125,
      "time/policy_forward_backward_s": 2.721567974998834,
      "time/critic_forward_backward_s": 2.367459826999948,
      "time/generation_s": 10.889344612000059,
      "time/generation_per_problem_s": 0.6805840382500037,
      "time/rollout_s": 11.581842024000252,
      "time/rollout_per_problem_s": 0.7238651265000158,
      "time/evaluation_s": 0.0,
      "time/step_s": 17.11673719800001,
      "time/step_per_problem_s": 1.0697960748750006,
      "time/elapsed_s": 160.88970826500008,
      "time/eta_s": 206.85819634071441,
      "gpu/peak_memory_gb": 16.18804693222046
    },
    {
      "step": 8,
      "progress/problems_completed": 128,
      "progress/updates_completed": 8,
      "train/reward": 0.3125,
      "loss/policy": 4.3300017053485674e-05,
      "objective/kl_sft": 0.0007382025360129774,
      "policy/tokens_clipped_or_masked_pct": 0.19011406844106463,
      "critic/loss": 0.9582694939636308,